{"accuracy": 0.6771653543307087, "f1_score": 0.7843240399789584}