{"mse": 0.19460737507650488, "mae": 0.33765837335296034, "r2_score": 0.2325489091549251}